,line_cd,station_cd1,station_cd2
0,0,1111922,1110101
1,0,9910517,1110101
2,0,9910617,1110101
3,0,9910517,1111922
4,0,9910617,1111922
5,0,9910617,9910517
6,0,1111921,1110102
7,0,1110201,1110138
8,0,1110401,1110138
9,0,1110401,1110201
10,0,1110301,1110219
11,0,1111202,1110314
12,0,1110919,1110315
13,0,1111201,1110315
14,0,9910206,1110315
15,0,9910307,1110315
16,0,1111201,1110919
17,0,9910206,1110919
18,0,9910307,1110919
19,0,9910206,1111201
20,0,9910307,1111201
21,0,9910307,9910206
22,0,1110918,1110316
23,0,1110917,1110317
24,0,1110514,1110327
25,0,1110601,1110335
26,0,1111301,1110338
27,0,1111401,1110342
28,0,1111501,1110342
29,0,1111601,1110342
30,0,1111501,1111401
31,0,1111601,1111401
32,0,1111601,1111501
33,0,1110501,1110434
34,0,1110901,1110434
35,0,1111101,1110434
36,0,1110901,1110501
37,0,1111101,1110501
38,0,1111101,1110901
39,0,1110902,1110502
40,0,1111002,1110506
41,0,1111418,1110610
42,0,1110701,1110618
43,0,1111015,1110618
44,0,1111015,1110701
45,0,9910701,1110714
46,0,1110801,1110731
47,0,1111728,1110731
48,0,1111728,1110801
49,0,1111727,1110802
50,0,1111001,1110906
51,0,9910119,1110915
52,0,1111602,1111502
53,0,1111603,1111503
54,0,9910733,1111633
55,0,1111701,1111642
56,0,1111910,1111806
57,0,9910403,9910108
58,0,9910207,9910109
59,0,9910308,9910109
60,0,9910308,9910207
61,0,9910423,9910208
62,0,9910601,9910501
63,0,9910602,9910502
64,0,9910603,9910503
65,0,9910604,9910504
66,0,9910605,9910505
67,0,9910606,9910506
68,0,9910607,9910507
69,0,9910608,9910508
70,0,9910609,9910509
71,0,9910610,9910510
72,0,9910611,9910511
73,0,9910612,9910512
74,0,9910613,9910513
75,0,9910614,9910514
76,0,9910615,9910515
77,0,9910616,9910516
78,0,9910618,9910518
79,0,9910619,9910519
80,0,9910620,9910520
81,0,1120512,1111801
82,0,1120514,1111802
83,0,1120601,1120101
84,0,9920607,1120101
85,0,9920607,1120601
86,0,9920301,1120255
87,0,9920201,1120257
88,0,1120443,1120259
89,0,1120501,1120266
90,0,1120120,1120266
91,0,1120120,1120501
92,0,1120110,1120301
93,0,9920101,1120437
94,0,1120105,9920401
95,0,9920601,9920518
96,0,9920715,1120625
97,0,1121314,1120701
98,0,1123166,1120801
99,0,9920801,1120825
100,0,1123176,1120901
101,0,1121330,1120924
102,0,9920810,1120924
103,0,9920810,1121330
104,0,1123174,1121001
105,0,1121301,1121101
106,0,1123185,1121101
107,0,9920501,1121101
108,0,1123185,1121301
109,0,9920501,1121301
110,0,9920501,1123185
111,0,9920507,1121201
112,0,9920701,1121318
113,0,1122423,1120814
114,0,1122202,1121701
115,0,1123143,1121701
116,0,1123033,1121701
117,0,1123143,1122202
118,0,1123033,1122202
119,0,1123033,1123143
120,0,9921406,1121703
121,0,1122301,1122101
122,0,1123156,1122101
123,0,1123156,1122301
124,0,9921410,1122201
125,0,1122308,1122231
126,0,1122401,1122304
127,0,9921324,1123136
128,0,1123028,1123137
129,0,1123029,1123138
130,0,1123030,1123139
131,0,9921701,1123139
132,0,9921701,1123030
133,0,1123031,1123140
134,0,1123034,1123141
135,0,1123032,1123142
136,0,9921415,1123142
137,0,9921415,1123032
138,0,9921201,1123161
139,0,1121017,1120217
140,0,1121117,1120220
141,0,1121460,1120228
142,0,1121501,1120231
143,0,1120401,1120240
144,0,9920901,1120245
145,0,1121227,1120249
146,0,9920929,1121111
147,0,9921001,1121450
148,0,1121635,1120201
149,0,1122001,1120201
150,0,1122127,1120201
151,0,1122001,1121635
152,0,1122127,1121635
153,0,1122127,1122001
154,0,1122010,1121434
155,0,1121901,1121609
156,0,9921101,1121612
157,0,1121721,1121618
158,0,1121801,1121618
159,0,1121801,1121721
160,0,1121720,1121619
161,0,1121802,1121619
162,0,1121802,1121720
163,0,1121719,1121620
164,0,9921107,1121908
165,0,1123124,1121601
166,0,9921301,1121601
167,0,9921501,1121601
168,0,9921301,1123124
169,0,9921501,1123124
170,0,9921501,9921301
171,0,1122816,1122501
172,0,1123114,1122501
173,0,1133846,1122501
174,0,1123114,1122816
175,0,1133846,1122816
176,0,1133846,1123114
177,0,1122601,1122515
178,0,1122701,1122515
179,0,1122701,1122601
180,0,9921601,1122703
181,0,1122935,1122801
182,0,1123001,1122801
183,0,1123001,1122935
184,0,1133845,1123113
185,0,9934109,9921621
186,0,1132019,1122901
187,0,9931801,1122901
188,0,9931801,1132019
189,0,9931901,1122903
190,0,9932217,1122910
191,0,1133916,1122913
192,0,1133801,1122917
193,0,9932301,1122917
194,0,9932301,1133801
195,0,9931509,1122918
196,0,9932316,1132906
197,0,9932315,1132907
198,0,9931824,1133907
199,0,9933001,1133907
200,0,9933001,9931824
201,0,9931808,9930915
202,0,1131933,1123101
203,0,1133901,1131918
204,0,1134121,1131918
205,0,1134121,1133901
206,0,1134001,1131923
207,0,1133401,1131925
208,0,2100326,1134007
209,0,2101005,1134116
210,0,2100312,1134119
211,0,2100801,1134119
212,0,2100801,2100312
213,0,2100802,2100313
214,0,2100901,2100324
215,0,9934101,2100908
216,0,1132323,1131815
217,0,1132324,1131816
218,0,1133701,1131816
219,0,1134101,1131816
220,0,1134201,1131816
221,0,9932701,1131816
222,0,1133701,1132324
223,0,1134101,1132324
224,0,1134201,1132324
225,0,9932701,1132324
226,0,1134101,1133701
227,0,1134201,1133701
228,0,9932701,1133701
229,0,1134201,1134101
230,0,9932701,1134101
231,0,9932701,1134201
232,0,1134207,1133501
233,0,1134202,1134102
234,0,1134203,1134103
235,0,1134204,1134104
236,0,2100255,1134108
237,0,9931201,1134111
238,0,2101001,2100240
239,0,2101201,2100240
240,0,2101201,2101001
241,0,2101101,2100248
242,0,2101208,2100248
243,0,2101208,2101101
244,0,9931203,2101107
245,0,9932818,2101108
246,0,2100113,1130508
247,0,1132114,1130510
248,0,1133206,1130511
249,0,9930707,1130513
250,0,2100220,1130514
251,0,2200126,1131708
252,0,2200202,1131708
253,0,2200202,2200126
254,0,1131801,1131709
255,0,1132210,1131709
256,0,1132210,1131801
257,0,2100708,1131803
258,0,2100133,1131805
259,0,2100138,1131808
260,0,9930618,1131808
261,0,9930618,2100138
262,0,1132304,1131904
263,0,1133205,1131904
264,0,1133316,1131904
265,0,1133205,1132304
266,0,1133316,1132304
267,0,1133316,1133205
268,0,1132305,1131905
269,0,1133202,1131905
270,0,1133202,1132305
271,0,1132119,1131906
272,0,1132201,1131906
273,0,1132306,1131906
274,0,1132804,1131906
275,0,1133201,1131906
276,0,1133301,1131906
277,0,2100401,1131906
278,0,9932101,1131906
279,0,1132201,1132119
280,0,1132306,1132119
281,0,1132804,1132119
282,0,1133201,1132119
283,0,1133301,1132119
284,0,2100401,1132119
285,0,9932101,1132119
286,0,1132306,1132201
287,0,1132804,1132201
288,0,1133201,1132201
289,0,1133301,1132201
290,0,2100401,1132201
291,0,9932101,1132201
292,0,1132804,1132306
293,0,1133201,1132306
294,0,1133301,1132306
295,0,2100401,1132306
296,0,9932101,1132306
297,0,1133201,1132804
298,0,1133301,1132804
299,0,2100401,1132804
300,0,9932101,1132804
301,0,1133301,1133201
302,0,2100401,1133201
303,0,9932101,1133201
304,0,2100401,1133301
305,0,9932101,1133301
306,0,9932101,2100401
307,0,2100232,1131912
308,0,2100305,1131914
309,0,1132202,1132120
310,0,1132203,1132121
311,0,1132204,1132122
312,0,1132205,1132123
313,0,2100121,1132123
314,0,2100121,1132205
315,0,9930608,1132316
316,0,2800601,2100111
317,0,2801001,2100111
318,0,2801001,2800601
319,0,2100701,2100126
320,0,2100410,2100227
321,0,2100301,2100230
322,0,9930601,2100237
323,0,2200722,2200131
324,0,2200501,2200117
325,0,2200201,2200125
326,0,2200203,2200127
327,0,2200204,2200128
328,0,2200205,2200129
329,0,2200206,2200130
330,0,2200603,2200503
331,0,9930910,1130518
332,0,1132012,1130519
333,0,9933302,1130519
334,0,9933302,1132012
335,0,9932920,1130520
336,0,2300605,1130521
337,0,9934006,1130521
338,0,9934006,2300605
339,0,1131330,1130524
340,0,1132610,1130524
341,0,2800423,1130524
342,0,9933801,1130524
343,0,1132610,1131330
344,0,2800423,1131330
345,0,9933801,1131330
346,0,2800423,1132610
347,0,9933801,1132610
348,0,9933801,2800423
349,0,1131406,1131327
350,0,2300116,1131328
351,0,9930421,1131328
352,0,9930421,2300116
353,0,1131407,1131331
354,0,2100435,1131331
355,0,2300122,1131331
356,0,2100435,1131407
357,0,2300122,1131407
358,0,2300122,2100435
359,0,1131408,1131333
360,0,2300402,1131334
361,0,2300403,1131335
362,0,1131409,1131337
363,0,1131410,1131339
364,0,1132401,1131339
365,0,1132501,1131339
366,0,1132810,1131339
367,0,2300409,1131339
368,0,9933103,1131339
369,0,9933201,1131339
370,0,1132401,1131410
371,0,1132501,1131410
372,0,1132810,1131410
373,0,2300409,1131410
374,0,9933103,1131410
375,0,9933201,1131410
376,0,1132501,1132401
377,0,1132810,1132401
378,0,2300409,1132401
379,0,9933103,1132401
380,0,9933201,1132401
381,0,1132810,1132501
382,0,2300409,1132501
383,0,9933103,1132501
384,0,9933201,1132501
385,0,2300409,1132810
386,0,9933103,1132810
387,0,9933201,1132810
388,0,9933103,2300409
389,0,9933201,2300409
390,0,9933201,9933103
391,0,9933209,1131412
392,0,1132811,1131413
393,0,1132701,1131415
394,0,1133105,1131420
395,0,1132718,1131430
396,0,1132719,1131431
397,0,9933501,1131431
398,0,9933501,1132719
399,0,9932924,1132009
400,0,9933301,1132011
401,0,2100424,1132015
402,0,1132720,1132017
403,0,1132502,1132402
404,0,1132503,1132403
405,0,1132618,1132403
406,0,1132618,1132503
407,0,1133101,1132407
408,0,9930801,1132418
409,0,1132532,1132427
410,0,9932501,1132506
411,0,1133001,1132511
412,0,9933101,1132617
413,0,1132812,1132703
414,0,2300140,1132703
415,0,2300140,1132812
416,0,1132813,1132704
417,0,2300142,1132704
418,0,2300610,1132704
419,0,2300142,1132813
420,0,2300610,1132813
421,0,2300610,2300142
422,0,1132814,1132705
423,0,2300143,1132705
424,0,2300611,1132705
425,0,2300143,1132814
426,0,2300611,1132814
427,0,2300611,2300143
428,0,1132901,1132710
429,0,1132902,1132711
430,0,9930912,2100422
431,0,2300606,2100430
432,0,9932914,2100430
433,0,9934009,2100430
434,0,9932914,2300606
435,0,9934009,2300606
436,0,9934009,9932914
437,0,2300401,2300126
438,0,9932901,2300126
439,0,9932901,2300401
440,0,9933809,2300131
441,0,9931301,2300133
442,0,9932401,2300141
443,0,2300501,2300410
444,0,9934013,2300607
445,0,9934015,2300608
446,0,9932518,9930813
447,0,9933804,9932906
448,0,1130224,1130101
449,0,1130801,1130101
450,0,1131101,1130101
451,0,1131201,1130101
452,0,1131401,1130101
453,0,1132601,1130101
454,0,1132809,1130101
455,0,1133222,1130101
456,0,2800209,1130101
457,0,1130801,1130224
458,0,1131101,1130224
459,0,1131201,1130224
460,0,1131401,1130224
461,0,1132601,1130224
462,0,1132809,1130224
463,0,1133222,1130224
464,0,2800209,1130224
465,0,1131101,1130801
466,0,1131201,1130801
467,0,1131401,1130801
468,0,1132601,1130801
469,0,1132809,1130801
470,0,1133222,1130801
471,0,2800209,1130801
472,0,1131201,1131101
473,0,1131401,1131101
474,0,1132601,1131101
475,0,1132809,1131101
476,0,1133222,1131101
477,0,2800209,1131101
478,0,1131401,1131201
479,0,1132601,1131201
480,0,1132809,1131201
481,0,1133222,1131201
482,0,2800209,1131201
483,0,1132601,1131401
484,0,1132809,1131401
485,0,1133222,1131401
486,0,2800209,1131401
487,0,1132809,1132601
488,0,1133222,1132601
489,0,2800209,1132601
490,0,1133222,1132809
491,0,2800209,1132809
492,0,2800209,1133222
493,0,1130226,1130102
494,0,1130802,1130102
495,0,1133224,1130102
496,0,2800112,1130102
497,0,9930210,1130102
498,0,9931101,1130102
499,0,1130802,1130226
500,0,1133224,1130226
501,0,2800112,1130226
502,0,9930210,1130226
503,0,9931101,1130226
504,0,1133224,1130802
505,0,2800112,1130802
506,0,9930210,1130802
507,0,9931101,1130802
508,0,2800112,1133224
509,0,9930210,1133224
510,0,9931101,1133224
511,0,9930210,2800112
512,0,9931101,2800112
513,0,9931101,9930210
514,0,1130229,1130103
515,0,1130803,1130103
516,0,1132808,1130103
517,0,1133227,1130103
518,0,2700102,1130103
519,0,1130803,1130229
520,0,1132808,1130229
521,0,1133227,1130229
522,0,2700102,1130229
523,0,1132808,1130803
524,0,1133227,1130803
525,0,2700102,1130803
526,0,1133227,1132808
527,0,2700102,1132808
528,0,2700102,1133227
529,0,1132101,1130201
530,0,1133307,1130201
531,0,9933708,1130201
532,0,1133307,1132101
533,0,9933708,1132101
534,0,9933708,1133307
535,0,2600501,1130202
536,0,9930205,1130202
537,0,9930205,2600501
538,0,2600201,1130203
539,0,2800919,1130203
540,0,9930301,1130203
541,0,2800919,2600201
542,0,9930301,2600201
543,0,9930301,2800919
544,0,1132102,1130204
545,0,1133306,1130204
546,0,2800320,1130204
547,0,1133306,1132102
548,0,2800320,1132102
549,0,2800320,1133306
550,0,1132103,1130205
551,0,1132807,1130205
552,0,1133305,1130205
553,0,2400601,1130205
554,0,2600101,1130205
555,0,2600301,1130205
556,0,2800119,1130205
557,0,2800801,1130205
558,0,2801016,1130205
559,0,1132807,1132103
560,0,1133305,1132103
561,0,2400601,1132103
562,0,2600101,1132103
563,0,2600301,1132103
564,0,2800119,1132103
565,0,2800801,1132103
566,0,2801016,1132103
567,0,1133305,1132807
568,0,2400601,1132807
569,0,2600101,1132807
570,0,2600301,1132807
571,0,2800119,1132807
572,0,2800801,1132807
573,0,2801016,1132807
574,0,2400601,1133305
575,0,2600101,1133305
576,0,2600301,1133305
577,0,2800119,1133305
578,0,2800801,1133305
579,0,2801016,1133305
580,0,2600101,2400601
581,0,2600301,2400601
582,0,2800119,2400601
583,0,2800801,2400601
584,0,2801016,2400601
585,0,2600301,2600101
586,0,2800119,2600101
587,0,2800801,2600101
588,0,2801016,2600101
589,0,2800119,2600301
590,0,2800801,2600301
591,0,2801016,2600301
592,0,2800801,2800119
593,0,2801016,2800119
594,0,2801016,2800801
595,0,2800518,1130206
596,0,2801015,1130206
597,0,2801015,2800518
598,0,1131210,1130207
599,0,1131311,1130207
600,0,9930127,1130207
601,0,1131311,1131210
602,0,9930127,1131210
603,0,9930127,1131311
604,0,1131103,1130208
605,0,1131211,1130208
606,0,1131310,1130208
607,0,1132104,1130208
608,0,1132806,1130208
609,0,1133304,1130208
610,0,2400101,1130208
611,0,2400701,1130208
612,0,2500101,1130208
613,0,2800218,1130208
614,0,9930128,1130208
615,0,9930401,1130208
616,0,1131211,1131103
617,0,1131310,1131103
618,0,1132104,1131103
619,0,1132806,1131103
620,0,1133304,1131103
621,0,2400101,1131103
622,0,2400701,1131103
623,0,2500101,1131103
624,0,2800218,1131103
625,0,9930128,1131103
626,0,9930401,1131103
627,0,1131310,1131211
628,0,1132104,1131211
629,0,1132806,1131211
630,0,1133304,1131211
631,0,2400101,1131211
632,0,2400701,1131211
633,0,2500101,1131211
634,0,2800218,1131211
635,0,9930128,1131211
636,0,9930401,1131211
637,0,1132104,1131310
638,0,1132806,1131310
639,0,1133304,1131310
640,0,2400101,1131310
641,0,2400701,1131310
642,0,2500101,1131310
643,0,2800218,1131310
644,0,9930128,1131310
645,0,9930401,1131310
646,0,1132806,1132104
647,0,1133304,1132104
648,0,2400101,1132104
649,0,2400701,1132104
650,0,2500101,1132104
651,0,2800218,1132104
652,0,9930128,1132104
653,0,9930401,1132104
654,0,1133304,1132806
655,0,2400101,1132806
656,0,2400701,1132806
657,0,2500101,1132806
658,0,2800218,1132806
659,0,9930128,1132806
660,0,9930401,1132806
661,0,2400101,1133304
662,0,2400701,1133304
663,0,2500101,1133304
664,0,2800218,1133304
665,0,9930128,1133304
666,0,9930401,1133304
667,0,2400701,2400101
668,0,2500101,2400101
669,0,2800218,2400101
670,0,9930128,2400101
671,0,9930401,2400101
672,0,2500101,2400701
673,0,2800218,2400701
674,0,9930128,2400701
675,0,9930401,2400701
676,0,2800218,2500101
677,0,9930128,2500101
678,0,9930401,2500101
679,0,9930128,2800218
680,0,9930401,2800218
681,0,9930401,9930128
682,0,2200702,1130210
683,0,2800403,1130210
684,0,2800403,2200702
685,0,1132105,1130212
686,0,1132805,1130212
687,0,1133303,1130212
688,0,2100101,1130212
689,0,2200101,1130212
690,0,2800201,1130212
691,0,2800609,1130212
692,0,2800701,1130212
693,0,2801009,1130212
694,0,1132805,1132105
695,0,1133303,1132105
696,0,2100101,1132105
697,0,2200101,1132105
698,0,2800201,1132105
699,0,2800609,1132105
700,0,2800701,1132105
701,0,2801009,1132105
702,0,1133303,1132805
703,0,2100101,1132805
704,0,2200101,1132805
705,0,2800201,1132805
706,0,2800609,1132805
707,0,2800701,1132805
708,0,2801009,1132805
709,0,2100101,1133303
710,0,2200101,1133303
711,0,2800201,1133303
712,0,2800609,1133303
713,0,2800701,1133303
714,0,2801009,1133303
715,0,2200101,2100101
716,0,2800201,2100101
717,0,2800609,2100101
718,0,2800701,2100101
719,0,2801009,2100101
720,0,2800201,2200101
721,0,2800609,2200101
722,0,2800701,2200101
723,0,2801009,2200101
724,0,2800609,2800201
725,0,2800701,2800201
726,0,2801009,2800201
727,0,2800701,2800609
728,0,2801009,2800609
729,0,2801009,2800701
730,0,9930523,1130213
731,0,9930315,1130214
732,0,2800906,1130215
733,0,1133214,1130216
734,0,1133215,1130217
735,0,2800505,1130217
736,0,9934202,1130217
737,0,2800505,1133215
738,0,9934202,1133215
739,0,9934202,2800505
740,0,1132002,1130218
741,0,1133216,1130218
742,0,2300102,1130218
743,0,2300602,1130218
744,0,9934201,1130218
745,0,1133216,1132002
746,0,2300102,1132002
747,0,2300602,1132002
748,0,9934201,1132002
749,0,2300102,1133216
750,0,2300602,1133216
751,0,9934201,1133216
752,0,2300602,2300102
753,0,9934201,2300102
754,0,9934201,2300602
755,0,1133217,1130219
756,0,1131901,1130220
757,0,1132001,1130220
758,0,1132301,1130220
759,0,1133218,1130220
760,0,2800104,1130220
761,0,2800305,1130220
762,0,1132001,1131901
763,0,1132301,1131901
764,0,1133218,1131901
765,0,2800104,1131901
766,0,2800305,1131901
767,0,1132301,1132001
768,0,1133218,1132001
769,0,2800104,1132001
770,0,2800305,1132001
771,0,1133218,1132301
772,0,2800104,1132301
773,0,2800305,1132301
774,0,2800104,1133218
775,0,2800305,1133218
776,0,2800305,2800104
777,0,1133219,1130221
778,0,2800105,1130221
779,0,2800306,1130221
780,0,9930110,1130221
781,0,2800105,1133219
782,0,2800306,1133219
783,0,9930110,1133219
784,0,2800306,2800105
785,0,9930110,2800105
786,0,9930110,2800306
787,0,1131319,1130222
788,0,1133220,1130222
789,0,2800307,1130222
790,0,9930901,1130222
791,0,1133220,1131319
792,0,2800307,1131319
793,0,9930901,1131319
794,0,2800307,1133220
795,0,9930901,1133220
796,0,9930901,2800307
797,0,1131202,1130223
798,0,1133221,1130223
799,0,2800107,1130223
800,0,1133221,1131202
801,0,2800107,1131202
802,0,2800107,1133221
803,0,1133223,1130225
804,0,2800618,1130225
805,0,2800618,1133223
806,0,1133225,1130227
807,0,9933601,1130227
808,0,9933601,1133225
809,0,1133226,1130228
810,0,1130501,1130320
811,0,2400125,1130321
812,0,1131107,1130325
813,0,1131227,1130325
814,0,1131501,1130325
815,0,1132817,1130325
816,0,1131227,1131107
817,0,1131501,1131107
818,0,1132817,1131107
819,0,1131501,1131227
820,0,1132817,1131227
821,0,1132817,1131501
822,0,1131225,1130503
823,0,2500127,1130611
824,0,1131110,1130620
825,0,1131230,1130620
826,0,1131701,1130620
827,0,1132816,1130620
828,0,1131230,1131110
829,0,1131701,1131110
830,0,1132816,1131110
831,0,1131701,1131230
832,0,1132816,1131230
833,0,1132816,1131701
834,0,1133308,1130804
835,0,1131207,1131102
836,0,1131314,1131102
837,0,2800214,1131102
838,0,2800912,1131102
839,0,1131314,1131207
840,0,2800214,1131207
841,0,2800912,1131207
842,0,2800214,1131314
843,0,2800912,1131314
844,0,2800912,2800214
845,0,1131219,1131104
846,0,1131302,1131104
847,0,1132820,1131104
848,0,2400617,1131104
849,0,1131302,1131219
850,0,1132820,1131219
851,0,2400617,1131219
852,0,1132820,1131302
853,0,2400617,1131302
854,0,2400617,1132820
855,0,1131220,1131105
856,0,1131301,1131105
857,0,1132819,1131105
858,0,1131301,1131220
859,0,1132819,1131220
860,0,1132819,1131301
861,0,1131224,1131106
862,0,1132818,1131106
863,0,2201001,1131106
864,0,2201101,1131106
865,0,1132818,1131224
866,0,2201001,1131224
867,0,2201101,1131224
868,0,2201001,1132818
869,0,2201101,1132818
870,0,2201101,2201001
871,0,1131228,1131108
872,0,1131229,1131109
873,0,1131231,1131111
874,0,1131232,1131112
875,0,1132815,1131112
876,0,2400306,1131112
877,0,1132815,1131232
878,0,2400306,1131232
879,0,2400306,1132815
880,0,1131318,1131203
881,0,2800206,1131203
882,0,2800509,1131203
883,0,2800206,1131318
884,0,2800509,1131318
885,0,2800509,2800206
886,0,1131317,1131204
887,0,9930311,1131204
888,0,9930311,1131317
889,0,1131316,1131205
890,0,2800406,1131205
891,0,2800613,1131205
892,0,2800910,1131205
893,0,9930107,1131205
894,0,2800406,1131316
895,0,2800613,1131316
896,0,2800910,1131316
897,0,9930107,1131316
898,0,2800613,2800406
899,0,2800910,2800406
900,0,9930107,2800406
901,0,2800910,2800613
902,0,9930107,2800613
903,0,9930107,2800910
904,0,1131315,1131206
905,0,2800614,1131206
906,0,2800911,1131206
907,0,9930404,1131206
908,0,2800614,1131315
909,0,2800911,1131315
910,0,9930404,1131315
911,0,2800911,2800614
912,0,9930404,2800614
913,0,9930404,2800911
914,0,1131313,1131208
915,0,1131312,1131209
916,0,1131309,1131212
917,0,1131308,1131213
918,0,9930131,1131213
919,0,9930131,1131308
920,0,1131307,1131214
921,0,2800401,1131214
922,0,2800401,1131307
923,0,1131306,1131215
924,0,1131305,1131216
925,0,1131304,1131217
926,0,2800225,1131217
927,0,2800225,1131304
928,0,1131303,1131218
929,0,2201201,1131221
930,0,9930216,1131320
931,0,9930113,1131321
932,0,1131404,1131322
933,0,2800812,1131322
934,0,2800812,1131404
935,0,2100505,1131323
936,0,1131405,1131325
937,0,2800108,1131402
938,0,2800809,1131402
939,0,2800809,2800108
940,0,9930215,1131403
941,0,9930409,1131403
942,0,9930409,9930215
943,0,1131601,1131506
944,0,1131704,1131506
945,0,2200808,1131506
946,0,1131704,1131601
947,0,2200808,1131601
948,0,2200808,1131704
949,0,1132302,1131902
950,0,1132108,1131903
951,0,1132303,1131903
952,0,1133210,1131903
953,0,1133302,1131903
954,0,1132303,1132108
955,0,1133210,1132108
956,0,1133302,1132108
957,0,1133210,1132303
958,0,1133302,1132303
959,0,1133302,1133210
960,0,2800302,1132004
961,0,9930904,1132004
962,0,9930904,2800302
963,0,2100209,1132005
964,0,2800301,1132005
965,0,2800503,1132005
966,0,9930905,1132005
967,0,2800301,2100209
968,0,2800503,2100209
969,0,9930905,2100209
970,0,2800503,2800301
971,0,9930905,2800301
972,0,9930905,2800503
973,0,2800502,1132006
974,0,2300303,1132008
975,0,2800311,1132602
976,0,2800624,1132605
977,0,9933701,1132605
978,0,9933701,2800624
979,0,2800904,1133212
980,0,9930516,1133212
981,0,9930516,2800904
982,0,2600401,1133228
983,0,9933707,1133228
984,0,9933707,2600401
985,0,2600515,1133230
986,0,2600607,1133230
987,0,2600607,2600515
988,0,2800603,2100109
989,0,2801003,2100109
990,0,2801003,2800603
991,0,2800602,2100110
992,0,2801002,2100110
993,0,2801002,2800602
994,0,2800101,2100201
995,0,9930218,2100201
996,0,9930218,2800101
997,0,2300201,2100203
998,0,2800813,2100203
999,0,9930220,2100203
1000,0,2800813,2300201
1001,0,9930220,2300201
1002,0,9930220,2800813
1003,0,2100501,2100204
1004,0,2300106,2100208
1005,0,2100601,2100213
1006,0,2200303,2200106
1007,0,2200401,2200106
1008,0,9930135,2200106
1009,0,2200401,2200303
1010,0,9930135,2200303
1011,0,9930135,2200401
1012,0,2800606,2200301
1013,0,2800702,2200301
1014,0,2801006,2200301
1015,0,2800702,2800606
1016,0,2801006,2800606
1017,0,2801006,2800702
1018,0,9930136,2200402
1019,0,2201108,2200601
1020,0,9930132,2200704
1021,0,2200801,2200719
1022,0,2200901,2200721
1023,0,2201005,2200721
1024,0,2201005,2200901
1025,0,2201105,2200802
1026,0,2201004,2200803
1027,0,9933417,2200805
1028,0,2300601,2300101
1029,0,2800504,2300104
1030,0,9930506,2300104
1031,0,9930506,2800504
1032,0,2300206,2300109
1033,0,2300603,2300109
1034,0,2300603,2300206
1035,0,2300207,2300110
1036,0,2300301,2300110
1037,0,2300604,2300110
1038,0,9934001,2300110
1039,0,2300301,2300207
1040,0,2300604,2300207
1041,0,9934001,2300207
1042,0,2300604,2300301
1043,0,9934001,2300301
1044,0,9934001,2300604
1045,0,2400702,2400102
1046,0,2400703,2400103
1047,0,2400604,2400104
1048,0,2400704,2400104
1049,0,2400704,2400604
1050,0,2400608,2400106
1051,0,2600710,2400107
1052,0,2400201,2400118
1053,0,2400401,2400123
1054,0,2400501,2400129
1055,0,9933407,2400129
1056,0,9933407,2400501
1057,0,2400301,2400133
1058,0,2500306,2400207
1059,0,2500307,2400208
1060,0,9933401,2400208
1061,0,9933401,2500307
1062,0,9933405,2400502
1063,0,2500107,2400605
1064,0,2800519,2500104
1065,0,2800520,2500105
1066,0,2600708,2500110
1067,0,2800321,2600103
1068,0,2600410,2600107
1069,0,2600208,2600108
1070,0,2600209,2600109
1071,0,2600601,2600109
1072,0,2600601,2600209
1073,0,2600408,2600206
1074,0,2600701,2600303
1075,0,2600415,2600307
1076,0,9930203,2600404
1077,0,2600505,2600406
1078,0,9930204,2600503
1079,0,9930207,2700101
1080,0,2700201,2700112
1081,0,9933607,2700205
1082,0,9933611,2700207
1083,0,9933609,2700206
1084,0,9933610,2700206
1085,0,9933610,9933609
1086,0,2800410,2800109
1087,0,9930213,2800109
1088,0,9930213,2800410
1089,0,9930212,2800110
1090,0,2800210,2800111
1091,0,2800314,2800111
1092,0,2800314,2800210
1093,0,2800914,2800114
1094,0,2800213,2800115
1095,0,2800616,2800115
1096,0,2800804,2800115
1097,0,2800913,2800115
1098,0,2800616,2800213
1099,0,2800804,2800213
1100,0,2800913,2800213
1101,0,2800804,2800616
1102,0,2800913,2800616
1103,0,2800913,2800804
1104,0,2800803,2800116
1105,0,9930125,2800116
1106,0,9930125,2800803
1107,0,2800517,2800118
1108,0,2800802,2800118
1109,0,2800802,2800517
1110,0,2800909,2800204
1111,0,9930109,2800205
1112,0,9930407,2800207
1113,0,2800409,2800208
1114,0,2800510,2800208
1115,0,2800808,2800208
1116,0,9930309,2800208
1117,0,2800510,2800409
1118,0,2800808,2800409
1119,0,9930309,2800409
1120,0,2800808,2800510
1121,0,9930309,2800510
1122,0,9930309,2800808
1123,0,2800316,2800211
1124,0,2800513,2800211
1125,0,2800513,2800316
1126,0,2800514,2800212
1127,0,2801013,2800217
1128,0,9930402,2800217
1129,0,9930402,2801013
1130,0,9930130,2800220
1131,0,9930214,2800309
1132,0,2800411,2800310
1133,0,9930211,2800313
1134,0,2800512,2800315
1135,0,9930308,2800315
1136,0,9930308,2800512
1137,0,9930124,2800318
1138,0,2800806,2800407
1139,0,9930405,2800407
1140,0,9930405,2800806
1141,0,9930116,2800412
1142,0,2801004,2800604
1143,0,2801005,2800605
1144,0,2801007,2800607
1145,0,2801008,2800608
1146,0,9930525,2800610
1147,0,9930117,2800621
1148,0,9931116,2800622
1149,0,9930310,2800807
1150,0,9930406,2800807
1151,0,9930406,9930310
1152,0,9930115,2800811
1153,0,9930413,2800814
1154,0,9930701,2800901
1155,0,9930123,2800916
1156,0,9930303,2800917
1157,0,9930302,2800918
1158,0,9930527,2801010
1159,0,9930103,2801012
1160,0,9930312,9930108
1161,0,9930902,9930111
1162,0,9930217,9930112
1163,0,9930411,9930114
1164,0,9931102,9930120
1165,0,9930209,9930121
1166,0,9930304,9930208
1167,0,9934204,9930509
1168,0,9933705,9933602
1169,0,1130301,1130104
1170,0,1133231,1130104
1171,0,1133231,1130301
1172,0,1130701,1130105
1173,0,1130806,1130105
1174,0,1132803,1130105
1175,0,1133235,1130105
1176,0,1133310,1130105
1177,0,2600121,1130105
1178,0,2700126,1130105
1179,0,2900101,1130105
1180,0,9931001,1130105
1181,0,9931613,1130105
1182,0,1130806,1130701
1183,0,1132803,1130701
1184,0,1133235,1130701
1185,0,1133310,1130701
1186,0,2600121,1130701
1187,0,2700126,1130701
1188,0,2900101,1130701
1189,0,9931001,1130701
1190,0,9931613,1130701
1191,0,1132803,1130806
1192,0,1133235,1130806
1193,0,1133310,1130806
1194,0,2600121,1130806
1195,0,2700126,1130806
1196,0,2900101,1130806
1197,0,9931001,1130806
1198,0,9931613,1130806
1199,0,1133235,1132803
1200,0,1133310,1132803
1201,0,2600121,1132803
1202,0,2700126,1132803
1203,0,2900101,1132803
1204,0,9931001,1132803
1205,0,9931613,1132803
1206,0,1133310,1133235
1207,0,2600121,1133235
1208,0,2700126,1133235
1209,0,2900101,1133235
1210,0,9931001,1133235
1211,0,9931613,1133235
1212,0,2600121,1133310
1213,0,2700126,1133310
1214,0,2900101,1133310
1215,0,9931001,1133310
1216,0,9931613,1133310
1217,0,2700126,2600121
1218,0,2900101,2600121
1219,0,9931001,2600121
1220,0,9931613,2600121
1221,0,2900101,2700126
1222,0,9931001,2700126
1223,0,9931613,2700126
1224,0,9931001,2900101
1225,0,9931613,2900101
1226,0,9931613,9931001
1227,0,1130809,1130106
1228,0,1132802,1130106
1229,0,1133313,1130106
1230,0,9931627,1130106
1231,0,1132802,1130809
1232,0,1133313,1130809
1233,0,9931627,1130809
1234,0,1133313,1132802
1235,0,9931627,1132802
1236,0,9931627,1133313
1237,0,1130712,1130107
1238,0,1130810,1130107
1239,0,1132801,1130107
1240,0,1133246,1130107
1241,0,1133314,1130107
1242,0,9932601,1130107
1243,0,1130810,1130712
1244,0,1132801,1130712
1245,0,1133246,1130712
1246,0,1133314,1130712
1247,0,9932601,1130712
1248,0,1132801,1130810
1249,0,1133246,1130810
1250,0,1133314,1130810
1251,0,9932601,1130810
1252,0,1133246,1132801
1253,0,1133314,1132801
1254,0,9932601,1132801
1255,0,1133314,1133246
1256,0,9932601,1133246
1257,0,9932601,1133314
1258,0,2500214,1130108
1259,0,9932001,1130108
1260,0,9932001,2500214
1261,0,1130901,1130110
1262,0,1150501,1130114
1263,0,2500147,1130116
1264,0,9931401,1130116
1265,0,9933901,1130116
1266,0,9931401,2500147
1267,0,9933901,2500147
1268,0,9933901,9931401
1269,0,1130819,1130307
1270,0,1132821,1130307
1271,0,1133315,1130307
1272,0,2600111,1130307
1273,0,2600211,1130307
1274,0,1132821,1130819
1275,0,1133315,1130819
1276,0,2600111,1130819
1277,0,2600211,1130819
1278,0,1133315,1132821
1279,0,2600111,1132821
1280,0,2600211,1132821
1281,0,2600111,1133315
1282,0,2600211,1133315
1283,0,2600211,2600111
1284,0,2600310,1130310
1285,0,2600418,1130310
1286,0,2600418,2600310
1287,0,2500118,1130314
1288,0,2700116,1130326
1289,0,1130411,1130328
1290,0,1133232,1130401
1291,0,2700118,1130401
1292,0,2700118,1133232
1293,0,1133234,1130601
1294,0,2700124,1130601
1295,0,2700124,1133234
1296,0,2600116,1130603
1297,0,9931608,1130604
1298,0,9934301,1130607
1299,0,2600322,1130609
1300,0,2600801,1130609
1301,0,2600801,2600322
1302,0,1130918,1130616
1303,0,2400212,1130616
1304,0,2400212,1130918
1305,0,1133236,1130702
1306,0,9931615,1130702
1307,0,9931615,1133236
1308,0,1133237,1130703
1309,0,9931616,1130703
1310,0,9931616,1133237
1311,0,1133238,1130704
1312,0,1133239,1130705
1313,0,1133240,1130706
1314,0,1133241,1130707
1315,0,1133242,1130708
1316,0,9931701,1130708
1317,0,9931701,1133242
1318,0,1133243,1130709
1319,0,1133244,1130710
1320,0,1133245,1130711
1321,0,1133309,1130805
1322,0,1133311,1130807
1323,0,1133312,1130808
1324,0,9932015,1130812
1325,0,2700504,1130818
1326,0,2500133,1130909
1327,0,2500132,1130910
1328,0,2900118,1130910
1329,0,2900118,2500132
1330,0,2700121,1133233
1331,0,2500301,2500123
1332,0,2500201,2500128
1333,0,2600327,2500203
1334,0,2900114,2500206
1335,0,2900208,2500210
1336,0,9931632,2500210
1337,0,9931632,2900208
1338,0,2600210,2600110
1339,0,2600212,2600112
1340,0,2600213,2600113
1341,0,9934310,2600113
1342,0,9934310,2600213
1343,0,2600416,2600308
1344,0,2600417,2600309
1345,0,9931601,2600316
1346,0,2700301,2700115
1347,0,9931622,2700133
1348,0,2700401,2700139
1349,0,9931714,2700139
1350,0,9931714,2700401
1351,0,2700501,2700147
1352,0,2900201,2900110
1353,0,9934305,9931603
1354,0,9934304,9931604
1355,0,9932608,9932006
1356,0,9934401,9933911
1357,0,1122628,1121401
1358,0,1140437,1121401
1359,0,1140437,1122628
1360,0,1140610,1121407
1361,0,1121920,1121412
1362,0,1134229,1122738
1363,0,9940201,1134225
1364,0,1140734,1134232
1365,0,1140422,1134235
1366,0,1140423,1134236
1367,0,1140401,1140321
1368,0,1140524,1140321
1369,0,1140524,1140401
1370,0,9940212,1140403
1371,0,1140801,1140412
1372,0,1141008,1140430
1373,0,1140601,1140442
1374,0,1140832,1140442
1375,0,1140832,1140601
1376,0,1140942,1140516
1377,0,9940205,1140729
1378,0,1141003,1140818
1379,0,1141555,1140501
1380,0,1141644,1140501
1381,0,9940801,1140501
1382,0,9941001,1140501
1383,0,9941313,1140501
1384,0,9941501,1140501
1385,0,1141644,1141555
1386,0,9940801,1141555
1387,0,9941001,1141555
1388,0,9941313,1141555
1389,0,9941501,1141555
1390,0,9940801,1141644
1391,0,9941001,1141644
1392,0,9941313,1141644
1393,0,9941501,1141644
1394,0,9941001,9940801
1395,0,9941313,9940801
1396,0,9941501,9940801
1397,0,9941313,9941001
1398,0,9941501,9941001
1399,0,9941501,9941313
1400,0,9940816,1140504
1401,0,9940822,1140506
1402,0,1141701,1141551
1403,0,1141801,1141551
1404,0,9941401,1141551
1405,0,1141801,1141701
1406,0,9941401,1141701
1407,0,9941401,1141801
1408,0,9941101,1141636
1409,0,9941002,9940802
1410,0,9940901,9940807
1411,0,9941201,9940838
1412,0,9941015,9940909
1413,0,9941301,9941005
1414,0,9941316,9942201
1415,0,9941308,9942205
1416,0,9941603,1141542
1417,0,9941701,1141543
1418,0,1141901,1141546
1419,0,9941808,1141919
1420,0,9941801,1141920
1421,0,1142001,1141512
1422,0,1142224,1141512
1423,0,1142224,1142001
1424,0,1142102,1141522
1425,0,1142101,1141523
1426,0,9941901,1141523
1427,0,9942001,1141523
1428,0,9942120,1141523
1429,0,9941901,1142101
1430,0,9942001,1142101
1431,0,9942120,1142101
1432,0,9942001,9941901
1433,0,9942120,9941901
1434,0,9942120,9942001
1435,0,9942002,9941902
1436,0,9942003,9941903
1437,0,9942123,9942005
1438,0,9940101,1131120
1439,0,1140239,1131131
1440,0,1140101,1131139
1441,0,1141444,1131150
1442,0,1141140,1131153
1443,0,1141201,1131153
1444,0,1141201,1141140
1445,0,9940306,1140131
1446,0,1141214,1140301
1447,0,9940318,1140301
1448,0,9940318,1141214
1449,0,1140701,1140305
1450,0,9940501,1140305
1451,0,9940501,1140701
1452,0,1140702,1140306
1453,0,1140703,1140307
1454,0,1140704,1140308
1455,0,1141205,1140901
1456,0,9940701,1140901
1457,0,9940701,1141205
1458,0,1141401,1141351
1459,0,9940401,9940311
1460,0,9940601,9940316
1461,0,9940613,9940513
1462,0,1150701,1141113
1463,0,9952401,1141118
1464,0,1150239,1141601
1465,0,1150301,1141601
1466,0,1150301,1150239
1467,0,3001611,1141603
1468,0,3001605,1141605
1469,0,3001520,1141606
1470,0,3001601,1141606
1471,0,3001601,3001520
1472,0,1150708,1141608
1473,0,9952501,1141608
1474,0,9952501,1150708
1475,0,3100418,1150304
1476,0,9952601,1150304
1477,0,9953218,1150304
1478,0,9952601,3100418
1479,0,9953218,3100418
1480,0,9953218,9952601
1481,0,3001707,1150706
1482,0,3002001,3000156
1483,0,3001618,3000160
1484,0,3002101,3002009
1485,0,9953206,3100406
1486,0,9953207,3100407
1487,0,9953208,3100408
1488,0,9953209,3100409
1489,0,9953210,3100410
1490,0,9953211,3100411
1491,0,9953212,3100412
1492,0,9953213,3100413
1493,0,9953214,3100414
1494,0,9953215,3100415
1495,0,9953216,3100416
1496,0,9953217,3100417
1497,0,9953219,3100419
1498,0,9953220,3100420
1499,0,9953221,3100421
1500,0,9953222,3100422
1501,0,9953223,3100423
1502,0,9953224,3100424
1503,0,9953225,3100425
1504,0,9953226,3100426
1505,0,9953227,3100427
1506,0,1150101,1130121
1507,0,1150401,1130121
1508,0,1150401,1150101
1509,0,1150109,1140201
1510,0,9950201,1150103
1511,0,1150519,1150104
1512,0,9950301,1150108
1513,0,9950410,1150116
1514,0,9950701,1150126
1515,0,9950501,1150128
1516,0,1150201,1150134
1517,0,9950601,1150134
1518,0,9950601,1150201
1519,0,9950537,1150208
1520,0,9950101,1150406
1521,0,9950618,9950518
1522,0,9950801,9950719
1523,0,1150233,1141101
1524,0,1150801,1141101
1525,0,3000136,1141101
1526,0,3000801,1141101
1527,0,3001501,1141101
1528,0,3102701,1141101
1529,0,9950901,1141101
1530,0,9951308,1141101
1531,0,9951702,1141101
1532,0,1150801,1150233
1533,0,3000136,1150233
1534,0,3000801,1150233
1535,0,3001501,1150233
1536,0,3102701,1150233
1537,0,9950901,1150233
1538,0,9951308,1150233
1539,0,9951702,1150233
1540,0,3000136,1150801
1541,0,3000801,1150801
1542,0,3001501,1150801
1543,0,3102701,1150801
1544,0,9950901,1150801
1545,0,9951308,1150801
1546,0,9951702,1150801
1547,0,3000801,3000136
1548,0,3001501,3000136
1549,0,3102701,3000136
1550,0,9950901,3000136
1551,0,9951308,3000136
1552,0,9951702,3000136
1553,0,3001501,3000801
1554,0,3102701,3000801
1555,0,9950901,3000801
1556,0,9951308,3000801
1557,0,9951702,3000801
1558,0,3102701,3001501
1559,0,9950901,3001501
1560,0,9951308,3001501
1561,0,9951702,3001501
1562,0,9950901,3102701
1563,0,9951308,3102701
1564,0,9951702,3102701
1565,0,9951308,9950901
1566,0,9951702,9950901
1567,0,9951702,9951308
1568,0,1150231,1141102
1569,0,3000134,1141102
1570,0,3000803,1141102
1571,0,9951413,1141102
1572,0,9951501,1141102
1573,0,3000134,1150231
1574,0,3000803,1150231
1575,0,9951413,1150231
1576,0,9951501,1150231
1577,0,3000803,3000134
1578,0,9951413,3000134
1579,0,9951501,3000134
1580,0,9951413,3000803
1581,0,9951501,3000803
1582,0,9951501,9951413
1583,0,9951610,1141103
1584,0,9951312,1141104
1585,0,3001206,1141105
1586,0,9951402,1141105
1587,0,9952301,1141105
1588,0,9951402,3001206
1589,0,9952301,3001206
1590,0,9952301,9951402
1591,0,9951006,1141107
1592,0,9951123,1141110
1593,0,1150210,1141301
1594,0,3000101,1141301
1595,0,9952001,1141301
1596,0,9952101,1141301
1597,0,3000101,1150210
1598,0,9952001,1150210
1599,0,9952101,1150210
1600,0,9952001,3000101
1601,0,9952101,3000101
1602,0,9952101,9952001
1603,0,3000205,1141306
1604,0,3000410,1150215
1605,0,3000409,1150216
1606,0,9951101,1150219
1607,0,3000510,1150224
1608,0,1150601,1150226
1609,0,9951001,1150234
1610,0,3000150,1150237
1611,0,3001419,1150237
1612,0,3001419,3000150
1613,0,3102705,1150802
1614,0,9951302,1150802
1615,0,9951302,3102705
1616,0,3001401,1150806
1617,0,3102711,1150806
1618,0,3102711,3001401
1619,0,3000201,3000104
1620,0,9951103,3000114
1621,0,3000301,3000117
1622,0,3000512,3000119
1623,0,3000804,3000133
1624,0,3000802,3000135
1625,0,3001502,3000137
1626,0,3001503,3000138
1627,0,3001301,3000142
1628,0,3000401,3000315
1629,0,3000601,3000519
1630,0,3000602,3000520
1631,0,9951620,3000609
1632,0,3000826,3000701
1633,0,3001101,3000807
1634,0,3000901,3000813
1635,0,3001001,3000918
1636,0,9951310,3001201
1637,0,9951409,3001201
1638,0,9951409,9951310
1639,0,9952304,3001208
1640,0,9951121,3001218
1641,0,3001406,3001308
1642,0,9951601,3001506
1643,0,3001701,3001518
1644,0,3001814,3001518
1645,0,3001814,3001701
1646,0,3001901,3001519
1647,0,9951802,3001801
1648,0,9951901,3001808
1649,0,9951902,3001809
1650,0,9950902,3102702
1651,0,9951209,9951118
1652,0,9951322,9951201
1653,0,9951607,9951309
1654,0,9951708,9951313
1655,0,9951425,9951316
1656,0,9952302,9951401
1657,0,9951801,9951403
1658,0,9951705,9951408
1659,0,9951609,9951411
1660,0,9951714,9951419
1661,0,9951615,9951422
1662,0,9952303,9951428
1663,0,9951704,9951606
1664,0,9951710,9951612
1665,0,9952201,9952112
1666,0,9952202,9952114
1667,0,3102712,1150807
1668,0,3100401,1150808
1669,0,3102713,1150808
1670,0,9952901,1150808
1671,0,9953201,1150808
1672,0,3102713,3100401
1673,0,9952901,3100401
1674,0,9953201,3100401
1675,0,9952901,3102713
1676,0,9953201,3102713
1677,0,9953201,9952901
1678,0,9953001,1150814
1679,0,1150901,1150818
1680,0,1151001,1150818
1681,0,1151001,1150901
1682,0,1151101,1150904
1683,0,3100601,1150907
1684,0,9953101,1150907
1685,0,9953101,3100601
1686,0,3102739,1151004
1687,0,9953010,1151004
1688,0,9953010,3102739
1689,0,1151301,1151008
1690,0,3100904,1151008
1691,0,3100904,1151301
1692,0,1151201,1151010
1693,0,3100913,1151206
1694,0,3101005,1151211
1695,0,3101501,1151211
1696,0,3101501,3101005
1697,0,3100547,1151305
1698,0,9953202,3100402
1699,0,9953203,3100403
1700,0,9953204,3100404
1701,0,9953205,3100405
1702,0,3100614,3100539
1703,0,9953114,3100539
1704,0,9953114,3100614
1705,0,3100901,3100548
1706,0,3102744,3100548
1707,0,3102744,3100901
1708,0,9953102,3100602
1709,0,9953103,3100603
1710,0,9953104,3100604
1711,0,9953105,3100605
1712,0,9953106,3100606
1713,0,9953107,3100607
1714,0,9953108,3100608
1715,0,9953109,3100609
1716,0,9953110,3100610
1717,0,9953111,3100611
1718,0,9953112,3100612
1719,0,9953113,3100613
1720,0,3101301,3100801
1721,0,3101401,3100801
1722,0,3102721,3100801
1723,0,3101401,3101301
1724,0,3102721,3101301
1725,0,3102721,3101401
1726,0,3101001,3100914
1727,0,3101402,3101302
1728,0,3101403,3101303
1729,0,3102729,3101901
1730,0,9952801,3102717
1731,0,1150312,1141501
1732,0,1160101,1141501
1733,0,9960101,1141501
1734,0,1160101,1150312
1735,0,9960101,1150312
1736,0,9960101,1160101
1737,0,1160522,1141510
1738,0,9960124,1151106
1739,0,9960401,1151106
1740,0,9960401,9960124
1741,0,1160113,1151111
1742,0,9960104,1160102
1743,0,9960307,1160108
1744,0,3300603,1160116
1745,0,3300609,1160117
1746,0,3300615,1160503
1747,0,3300707,3300612
1748,0,9960201,9960106
1749,0,9960301,9960112
1750,0,1162209,1142201
1751,0,1160701,1150912
1752,0,1160502,1160119
1753,0,3300702,1160119
1754,0,9961107,1160119
1755,0,3300702,1160502
1756,0,9961107,1160502
1757,0,9961107,3300702
1758,0,1160201,1160120
1759,0,1160501,1160120
1760,0,1161401,1160120
1761,0,1161801,1160120
1762,0,3102501,1160120
1763,0,9961011,1160120
1764,0,1160501,1160201
1765,0,1161401,1160201
1766,0,1161801,1160201
1767,0,3102501,1160201
1768,0,9961011,1160201
1769,0,1161401,1160501
1770,0,1161801,1160501
1771,0,3102501,1160501
1772,0,9961011,1160501
1773,0,1161801,1161401
1774,0,3102501,1161401
1775,0,9961011,1161401
1776,0,3102501,1161801
1777,0,9961011,1161801
1778,0,9961011,3102501
1779,0,3400311,1160205
1780,0,1161701,1160702
1781,0,1161819,1160702
1782,0,1161819,1161701
1783,0,9961115,1161403
1784,0,9960501,1161407
1785,0,1161501,1161415
1786,0,1162204,1161511
1787,0,1162203,1161512
1788,0,1162202,1161513
1789,0,1162201,1161514
1790,0,1163010,1161514
1791,0,9960801,1161514
1792,0,1163010,1162201
1793,0,9960801,1162201
1794,0,9960801,1163010
1795,0,3102521,1161703
1796,0,3102520,1161704
1797,0,3102518,1161705
1798,0,3300105,1161802
1799,0,9961101,1161806
1800,0,3300206,1161808
1801,0,9960901,1162208
1802,0,9961015,3102505
1803,0,3300111,3102507
1804,0,3300112,3102508
1805,0,3300401,3300142
1806,0,9960601,3300142
1807,0,9960601,3300401
1808,0,3300402,3300141
1809,0,3300403,3300101
1810,0,9961111,3300101
1811,0,9961111,3300403
1812,0,3400301,3300102
1813,0,3300201,3300113
1814,0,3300501,3300115
1815,0,9961108,3300701
1816,0,9961009,3400302
1817,0,9961201,3400303
1818,0,9961202,3400304
1819,0,3400901,3400306
1820,0,9960701,9960606
1821,0,9960907,9960814
1822,0,9961113,9961008
1823,0,9961301,9961207
1824,0,1162901,1160213
1825,0,9961803,1160213
1826,0,9961803,1162901
1827,0,1160301,1160214
1828,0,1162310,1160214
1829,0,1162504,1160214
1830,0,1162902,1160214
1831,0,3400101,1160214
1832,0,3400201,1160214
1833,0,3400326,1160214
1834,0,3500101,1160214
1835,0,9961806,1160214
1836,0,9961910,1160214
1837,0,9962001,1160214
1838,0,1162310,1160301
1839,0,1162504,1160301
1840,0,1162902,1160301
1841,0,3400101,1160301
1842,0,3400201,1160301
1843,0,3400326,1160301
1844,0,3500101,1160301
1845,0,9961806,1160301
1846,0,9961910,1160301
1847,0,9962001,1160301
1848,0,1162504,1162310
1849,0,1162902,1162310
1850,0,3400101,1162310
1851,0,3400201,1162310
1852,0,3400326,1162310
1853,0,3500101,1162310
1854,0,9961806,1162310
1855,0,9961910,1162310
1856,0,9962001,1162310
1857,0,1162902,1162504
1858,0,3400101,1162504
1859,0,3400201,1162504
1860,0,3400326,1162504
1861,0,3500101,1162504
1862,0,9961806,1162504
1863,0,9961910,1162504
1864,0,9962001,1162504
1865,0,3400101,1162902
1866,0,3400201,1162902
1867,0,3400326,1162902
1868,0,3500101,1162902
1869,0,9961806,1162902
1870,0,9961910,1162902
1871,0,9962001,1162902
1872,0,3400201,3400101
1873,0,3400326,3400101
1874,0,3500101,3400101
1875,0,9961806,3400101
1876,0,9961910,3400101
1877,0,9962001,3400101
1878,0,3400326,3400201
1879,0,3500101,3400201
1880,0,9961806,3400201
1881,0,9961910,3400201
1882,0,9962001,3400201
1883,0,3500101,3400326
1884,0,9961806,3400326
1885,0,9961910,3400326
1886,0,9962001,3400326
1887,0,9961806,3500101
1888,0,9961910,3500101
1889,0,9962001,3500101
1890,0,9961910,9961806
1891,0,9962001,9961806
1892,0,9962001,9961910
1893,0,3101203,1160712
1894,0,1164107,1160715
1895,0,1164106,1160716
1896,0,1162301,1160719
1897,0,1162601,1160719
1898,0,3100301,1160719
1899,0,9961813,1160719
1900,0,9961917,1160719
1901,0,9962801,1160719
1902,0,1162601,1162301
1903,0,3100301,1162301
1904,0,9961813,1162301
1905,0,9961917,1162301
1906,0,9962801,1162301
1907,0,3100301,1162601
1908,0,9961813,1162601
1909,0,9961917,1162601
1910,0,9962801,1162601
1911,0,9961813,3100301
1912,0,9961917,3100301
1913,0,9962801,3100301
1914,0,9961917,9961813
1915,0,9962801,9961813
1916,0,9962801,9961917
1917,0,1162302,1160720
1918,0,3200102,1160720
1919,0,3200703,1160720
1920,0,9961812,1160720
1921,0,9962309,1160720
1922,0,9962902,1160720
1923,0,3200102,1162302
1924,0,3200703,1162302
1925,0,9961812,1162302
1926,0,9962309,1162302
1927,0,9962902,1162302
1928,0,3200703,3200102
1929,0,9961812,3200102
1930,0,9962309,3200102
1931,0,9962902,3200102
1932,0,9961812,3200703
1933,0,9962309,3200703
1934,0,9962902,3200703
1935,0,9962309,9961812
1936,0,9962902,9961812
1937,0,9962902,9962309
1938,0,1162303,1160721
1939,0,1164101,1161722
1940,0,9965209,1161723
1941,0,1162313,1161724
1942,0,1162501,1161724
1943,0,3300137,1161724
1944,0,9962412,1161724
1945,0,1162501,1162313
1946,0,3300137,1162313
1947,0,9962412,1162313
1948,0,3300137,1162501
1949,0,9962412,1162501
1950,0,9962412,3300137
1951,0,9962401,1162305
1952,0,9962104,1162306
1953,0,1162401,1162307
1954,0,3500201,1162307
1955,0,3500201,1162401
1956,0,9962202,1162308
1957,0,1162505,1162309
1958,0,3500102,1162309
1959,0,3500102,1162505
1960,0,9962302,1162311
1961,0,9962110,1162315
1962,0,9962410,1162315
1963,0,9962410,9962110
1964,0,9962409,1162316
1965,0,3100104,1162317
1966,0,3100502,1162317
1967,0,9962209,1162317
1968,0,3100502,3100104
1969,0,9962209,3100104
1970,0,9962209,3100502
1971,0,9961911,1162503
1972,0,9962303,1162503
1973,0,9962303,9961911
1974,0,3500103,1162506
1975,0,9962201,1162506
1976,0,9962201,3500103
1977,0,9961816,1162605
1978,0,3200713,1162610
1979,0,1162701,1162614
1980,0,1162801,1162626
1981,0,3200114,1162702
1982,0,3200401,1162702
1983,0,3200401,3200114
1984,0,3200202,1162802
1985,0,3200203,1162803
1986,0,9962113,1164102
1987,0,3102002,1164103
1988,0,3100505,1164104
1989,0,3500211,3100101
1990,0,9961810,3100101
1991,0,9962005,3100101
1992,0,9962206,3100101
1993,0,9961810,3500211
1994,0,9962005,3500211
1995,0,9962206,3500211
1996,0,9962005,9961810
1997,0,9962206,9961810
1998,0,9962206,9962005
1999,0,9962207,3100102
2000,0,9962307,3100102
2001,0,9962307,9962207
2002,0,3100501,3100103
2003,0,3100503,3100105
2004,0,3100504,3100106
2005,0,3102001,3100106
2006,0,3102001,3100504
2007,0,3101201,3100315
2008,0,3102201,3100316
2009,0,3102101,3100510
2010,0,3102401,3102103
2011,0,3200725,3102208
2012,0,9962114,3102301
2013,0,3200701,3200101
2014,0,3200705,3200103
2015,0,9962310,3200103
2016,0,9962310,3200705
2017,0,3200706,3200104
2018,0,3200906,3200104
2019,0,9962909,3200104
2020,0,3200906,3200706
2021,0,9962909,3200706
2022,0,9962909,3200906
2023,0,9962911,3200105
2024,0,9962811,3200106
2025,0,9962913,3200106
2026,0,9962913,9962811
2027,0,9962930,3200113
2028,0,9961701,3200124
2029,0,3200201,3200128
2030,0,3200601,3200137
2031,0,9961601,3200715
2032,0,9961820,3200715
2033,0,9961820,9961601
2034,0,3500210,3200901
2035,0,9962205,3200901
2036,0,9962205,3500210
2037,0,3300301,3300120
2038,0,9962614,3300128
2039,0,9965207,3300135
2040,0,3300801,3300138
2041,0,9961912,3300138
2042,0,9961912,3300801
2043,0,3300802,3300139
2044,0,9962304,3300139
2045,0,9962304,3300802
2046,0,3300803,3300140
2047,0,9961807,3300140
2048,0,9961807,3300803
2049,0,9962002,3300804
2050,0,3400202,3400102
2051,0,3400203,3400103
2052,0,3400325,3400103
2053,0,3400325,3400203
2054,0,9962602,3400210
2055,0,3400701,3400211
2056,0,9962609,3400318
2057,0,3400809,3400322
2058,0,9961804,3400324
2059,0,9962606,3400802
2060,0,9961908,3400811
2061,0,9962301,3400811
2062,0,9962301,9961908
2063,0,9962402,3500209
2064,0,9962105,3500208
2065,0,9962605,9961401
2066,0,9961801,9961404
2067,0,9962003,9961808
2068,0,9962107,9961808
2069,0,9962107,9962003
2070,0,9962405,9961809
2071,0,9962006,9961811
2072,0,9962613,9961901
2073,0,9965204,9961903
2074,0,9962109,9961913
2075,0,9962408,9961914
2076,0,9962208,9961915
2077,0,9962802,9961918
2078,0,9962510,9962011
2079,0,9962501,9962101
2080,0,9962203,9962106
2081,0,9962305,9962108
2082,0,9965210,9962111
2083,0,9962403,9962204
2084,0,9965211,9962210
2085,0,9962406,9962306
2086,0,9962901,9962308
2087,0,9965208,9962413
2088,0,9962701,9962607
2089,0,9962912,9962810
2090,0,1162509,1160303
2091,0,1162903,1160303
2092,0,1162903,1162509
2093,0,9964901,1160310
2094,0,3400116,1160313
2095,0,3500132,1160313
2096,0,9963001,1160313
2097,0,9964602,1160313
2098,0,9964710,1160313
2099,0,9964801,1160313
2100,0,3500132,3400116
2101,0,9963001,3400116
2102,0,9964602,3400116
2103,0,9964710,3400116
2104,0,9964801,3400116
2105,0,9963001,3500132
2106,0,9964602,3500132
2107,0,9964710,3500132
2108,0,9964801,3500132
2109,0,9964602,9963001
2110,0,9964710,9963001
2111,0,9964801,9963001
2112,0,9964710,9964602
2113,0,9964801,9964602
2114,0,9964801,9964710
2115,0,3500133,1160314
2116,0,9963003,1160314
2117,0,9963003,3500133
2118,0,1160801,1160315
2119,0,9964707,1160315
2120,0,9964707,1160801
2121,0,1161301,1160802
2122,0,9964501,1160803
2123,0,9964608,1160803
2124,0,9964701,1160803
2125,0,9964608,9964501
2126,0,9964701,9964501
2127,0,9964701,9964608
2128,0,9963706,1160805
2129,0,9963708,1160806
2130,0,9963711,1160807
2131,0,9963713,1160808
2132,0,9963717,1160810
2133,0,1163201,1160816
2134,0,1160901,1160821
2135,0,1163301,1160821
2136,0,1163501,1160821
2137,0,9963743,1160821
2138,0,1163301,1160901
2139,0,1163501,1160901
2140,0,9963743,1160901
2141,0,1163501,1163301
2142,0,9963743,1163301
2143,0,9963743,1163501
2144,0,1163101,1160905
2145,0,9964401,1160907
2146,0,9964705,1161302
2147,0,1163518,1161519
2148,0,1161601,1161524
2149,0,9960919,1161524
2150,0,9960919,1161601
2151,0,3400219,1162910
2152,0,3400410,1162910
2153,0,3400410,3400219
2154,0,9963310,1162915
2155,0,9963401,1162915
2156,0,9963401,9963310
2157,0,1163001,1162923
2158,0,1163221,1163004
2159,0,9964201,1163204
2160,0,9963520,1163207
2161,0,9964301,1163207
2162,0,9964301,9963520
2163,0,1163401,1163312
2164,0,9964405,1163312
2165,0,9964405,1163401
2166,0,3400601,3400106
2167,0,3400403,3400108
2168,0,3400501,3400109
2169,0,9961501,3400213
2170,0,3500116,3400401
2171,0,3500206,3500108
2172,0,3500207,3500109
2173,0,3500301,3500112
2174,0,9964902,3500123
2175,0,9964001,9961510
2176,0,9963101,9963006
2177,0,9963701,9963009
2178,0,9963201,9963102
2179,0,9964605,9963102
2180,0,9964605,9963201
2181,0,9963501,9963206
2182,0,9963602,9963210
2183,0,9963301,9963215
2184,0,9963403,9963308
2185,0,9963402,9963309
2186,0,9964601,9963601
2187,0,9964502,9963702
2188,0,9963801,9963740
2189,0,1161820,1160703
2190,0,1161821,1160704
2191,0,1163701,1160704
2192,0,1163701,1161821
2193,0,1163601,1160708
2194,0,3101612,1160708
2195,0,3101708,1160708
2196,0,3101612,1163601
2197,0,3101708,1163601
2198,0,3101708,3101612
2199,0,1163714,1163606
2200,0,3101804,1163608
2201,0,3100707,1163611
2202,0,3101104,1163705
2203,0,3100529,1163710
2204,0,3102017,3100201
2205,0,3102526,3100201
2206,0,3102526,3102017
2207,0,3101101,3100207
2208,0,3101701,3100211
2209,0,3100526,3100214
2210,0,3100328,3100217
2211,0,3100701,3100217
2212,0,3100701,3100328
2213,0,3101801,3100323
2214,0,3102012,3101601
2215,0,3102305,3101601
2216,0,3102601,3101601
2217,0,3102305,3102012
2218,0,3102601,3102012
2219,0,3102601,3102305
2220,0,3102527,3102018
2221,0,3102528,3102019
2222,0,1163901,1151041
2223,0,1163636,1162635
2224,0,1163954,1162635
2225,0,1164001,1162635
2226,0,9965101,1162635
2227,0,1163954,1163636
2228,0,1164001,1163636
2229,0,9965101,1163636
2230,0,1164001,1163954
2231,0,9965101,1163954
2232,0,9965101,1164001
2233,0,3200733,1163617
2234,0,9965001,1163938
2235,0,3200140,1164003
2236,0,3200301,1164003
2237,0,3200501,1164003
2238,0,3200301,3200140
2239,0,3200501,3200140
2240,0,3200501,3200301
2241,0,3200502,3200139
2242,0,3200801,3200742
2243,0,1170401,1161619
2244,0,1170331,1161640
2245,0,1170332,1161641
2246,0,1170101,1161642
2247,0,1170333,1161642
2248,0,1170501,1161642
2249,0,1170333,1170101
2250,0,1170501,1170101
2251,0,1170501,1170333
2252,0,9970101,1170404
2253,0,9964414,1170410
2254,0,1170601,1170110
2255,0,9970201,1170113
2256,0,1170701,1170131
2257,0,1170201,1170145
2258,0,1170828,1170145
2259,0,1170828,1170201
2260,0,9970301,9970205
2261,0,1163119,1160915
2262,0,1163120,1160916
2263,0,1163122,1160919
2264,0,1161001,1160917
2265,0,1163121,1160917
2266,0,1170301,1160917
2267,0,1170901,1160917
2268,0,1171301,1160917
2269,0,1171517,1160917
2270,0,9970601,1160917
2271,0,9970701,1160917
2272,0,1163121,1161001
2273,0,1170301,1161001
2274,0,1170901,1161001
2275,0,1171301,1161001
2276,0,1171517,1161001
2277,0,9970601,1161001
2278,0,9970701,1161001
2279,0,1170301,1163121
2280,0,1170901,1163121
2281,0,1171301,1163121
2282,0,1171517,1163121
2283,0,9970601,1163121
2284,0,9970701,1163121
2285,0,1170901,1170301
2286,0,1171301,1170301
2287,0,1171517,1170301
2288,0,9970601,1170301
2289,0,9970701,1170301
2290,0,1171301,1170901
2291,0,1171517,1170901
2292,0,9970601,1170901
2293,0,9970701,1170901
2294,0,1171517,1171301
2295,0,9970601,1171301
2296,0,9970701,1171301
2297,0,9970601,1171517
2298,0,9970701,1171517
2299,0,9970701,9970601
2300,0,1170302,1161002
2301,0,1170303,1161003
2302,0,1170304,1161004
2303,0,1170305,1161005
2304,0,9970401,1161005
2305,0,9970401,1170305
2306,0,1170419,1163410
2307,0,1170420,1163411
2308,0,1171501,1163411
2309,0,1171501,1170420
2310,0,1170318,1163425
2311,0,1171401,1163425
2312,0,1171401,1170318
2313,0,9970502,1170306
2314,0,1171310,1170307
2315,0,9970501,1170307
2316,0,9970501,1171310
2317,0,1171403,1170319
2318,0,1171001,1170908
2319,0,9970702,9970602
2320,0,9970703,9970603
2321,0,1172001,1161014
2322,0,1171601,1161019
2323,0,1161101,1161020
2324,0,1171602,1161020
2325,0,1171602,1161101
2326,0,9970801,1161109
2327,0,1171629,1161112
2328,0,1171630,1161113
2329,0,1171631,1161114
2330,0,1171446,1161115
2331,0,1171632,1161115
2332,0,1171701,1161115
2333,0,9971001,1161115
2334,0,9971101,1161115
2335,0,9971301,1161115
2336,0,9971401,1161115
2337,0,1171632,1171446
2338,0,1171701,1171446
2339,0,9971001,1171446
2340,0,9971101,1171446
2341,0,9971301,1171446
2342,0,9971401,1171446
2343,0,1171701,1171632
2344,0,9971001,1171632
2345,0,9971101,1171632
2346,0,9971301,1171632
2347,0,9971401,1171632
2348,0,9971001,1171701
2349,0,9971101,1171701
2350,0,9971301,1171701
2351,0,9971401,1171701
2352,0,9971101,9971001
2353,0,9971301,9971001
2354,0,9971401,9971001
2355,0,9971301,9971101
2356,0,9971401,9971101
2357,0,9971401,9971301
2358,0,1171702,1161116
2359,0,9971501,1161116
2360,0,9971601,1161116
2361,0,9971501,1171702
2362,0,9971601,1171702
2363,0,9971601,9971501
2364,0,9971120,1161117
2365,0,9971229,1161117
2366,0,9971229,9971120
2367,0,9971126,1161118
2368,0,9971129,1161119
2369,0,9971133,1161120
2370,0,9971135,1161121
2371,0,9971139,1161122
2372,0,9971141,1161123
2373,0,1171413,1170618
2374,0,1171426,1170735
2375,0,1172030,1170735
2376,0,1172030,1171426
2377,0,1172027,1171423
2378,0,1172028,1171424
2379,0,1172029,1171425
2380,0,9970911,1171707
2381,0,9970515,1172004
2382,0,9971010,9970901
2383,0,9971218,9970901
2384,0,9971509,9970901
2385,0,9971218,9971010
2386,0,9971509,9971010
2387,0,9971509,9971218
2388,0,9971102,9971002
2389,0,9971302,9971002
2390,0,9971402,9971002
2391,0,9971302,9971102
2392,0,9971402,9971102
2393,0,9971402,9971302
2394,0,9971103,9971003
2395,0,9971303,9971003
2396,0,9971403,9971003
2397,0,9971303,9971103
2398,0,9971403,9971103
2399,0,9971403,9971303
2400,0,9971104,9971004
2401,0,9971404,9971004
2402,0,9971404,9971104
2403,0,9971105,9971005
2404,0,9971405,9971005
2405,0,9971405,9971105
2406,0,9971106,9971006
2407,0,9971406,9971006
2408,0,9971406,9971106
2409,0,9971107,9971007
2410,0,9971407,9971007
2411,0,9971701,9971007
2412,0,9971407,9971107
2413,0,9971701,9971107
2414,0,9971701,9971407
2415,0,9971108,9971008
2416,0,9971408,9971008
2417,0,9971408,9971108
2418,0,9971109,9971009
2419,0,9971409,9971009
2420,0,9971409,9971109
2421,0,9971217,9971011
2422,0,9971510,9971011
2423,0,9971510,9971217
2424,0,9971216,9971012
2425,0,9971511,9971012
2426,0,9971511,9971216
2427,0,9971215,9971013
2428,0,9971512,9971013
2429,0,9971512,9971215
2430,0,9971214,9971014
2431,0,9971513,9971014
2432,0,9971513,9971214
2433,0,9971213,9971015
2434,0,9971514,9971015
2435,0,9971514,9971213
2436,0,9971212,9971016
2437,0,9971515,9971016
2438,0,9971515,9971212
2439,0,9971211,9971017
2440,0,9971210,9971018
2441,0,9971309,9971018
2442,0,9971309,9971210
2443,0,9971209,9971019
2444,0,9971310,9971019
2445,0,9971310,9971209
2446,0,9971208,9971020
2447,0,9971311,9971020
2448,0,9971311,9971208
2449,0,9971207,9971021
2450,0,9971312,9971021
2451,0,9971312,9971207
2452,0,9971206,9971022
2453,0,9971313,9971022
2454,0,9971313,9971206
2455,0,9971205,9971023
2456,0,9971314,9971023
2457,0,9971314,9971205
2458,0,9971204,9971024
2459,0,9971315,9971024
2460,0,9971315,9971204
2461,0,9971203,9971025
2462,0,9971316,9971025
2463,0,9971316,9971203
2464,0,9971202,9971026
2465,0,9971317,9971026
2466,0,9971317,9971202
2467,0,9971201,9971027
2468,0,9971318,9971027
2469,0,9971318,9971201
2470,0,9971219,9971110
2471,0,9971410,9971110
2472,0,9971508,9971110
2473,0,9971410,9971219
2474,0,9971508,9971219
2475,0,9971508,9971410
2476,0,9971220,9971111
2477,0,9971411,9971111
2478,0,9971507,9971111
2479,0,9971411,9971220
2480,0,9971507,9971220
2481,0,9971507,9971411
2482,0,9971221,9971112
2483,0,9971412,9971112
2484,0,9971506,9971112
2485,0,9971412,9971221
2486,0,9971506,9971221
2487,0,9971506,9971412
2488,0,9971222,9971113
2489,0,9971413,9971113
2490,0,9971505,9971113
2491,0,9971605,9971113
2492,0,9971413,9971222
2493,0,9971505,9971222
2494,0,9971605,9971222
2495,0,9971505,9971413
2496,0,9971605,9971413
2497,0,9971605,9971505
2498,0,9971223,9971114
2499,0,9971414,9971114
2500,0,9971606,9971114
2501,0,9971414,9971223
2502,0,9971606,9971223
2503,0,9971606,9971414
2504,0,9971224,9971115
2505,0,9971225,9971116
2506,0,9971226,9971117
2507,0,9971227,9971118
2508,0,9971228,9971119
2509,0,9971607,9971415
2510,0,9971608,9971416
2511,0,9971609,9971417
2512,0,9971610,9971418
2513,0,9971611,9971419
2514,0,9971612,9971420
2515,0,9971602,9971502
2516,0,9971603,9971503
2517,0,9971604,9971504
2518,0,1161201,1161128
2519,0,1172401,1161128
2520,0,1172401,1161201
2521,0,1172415,1161215
2522,0,1172416,1161216
2523,0,1170801,1161224
2524,0,1172101,1161224
2525,0,1172101,1170801
2526,0,1172118,1161228
2527,0,1172310,1161229
2528,0,1172201,1161230
2529,0,1170237,1161235
2530,0,1170238,1161236
2531,0,1190201,1161236
2532,0,1190201,1170238
2533,0,1172212,1170217
2534,0,1172301,1172115
2535,0,1172302,1172116
2536,0,9971801,1172403
2537,0,1180325,1180110
2538,0,1180326,1180111
2539,0,1180507,1180225
2540,0,1180302,1180228
2541,0,1180301,1180229
2542,0,1180401,1180229
2543,0,1180401,1180301
2544,0,9980101,1180430
2545,0,1180610,1171006
2546,0,1180613,1180101
2547,0,9980221,1180104
2548,0,1180601,1180201
2549,0,9980201,1180201
2550,0,9980301,1180201
2551,0,9980201,1180601
2552,0,9980301,1180601
2553,0,9980301,9980201
2554,0,9980412,1180209
2555,0,9980416,1180210
2556,0,9980302,9980202
2557,0,9980303,9980203
2558,0,9980401,9980203
2559,0,9980401,9980303
2560,0,1180701,1180657
2561,0,9980805,1180657
2562,0,9980919,1180657
2563,0,9981101,1180657
2564,0,9980805,1180701
2565,0,9980919,1180701
2566,0,9981101,1180701
2567,0,9980919,9980805
2568,0,9981101,9980805
2569,0,9981101,9980919
2570,0,9980512,1180706
2571,0,1180821,1180739
2572,0,1180822,1180740
2573,0,9980610,9980501
2574,0,9980701,9980501
2575,0,9980801,9980501
2576,0,9980901,9980501
2577,0,9981001,9980501
2578,0,9980701,9980610
2579,0,9980801,9980610
2580,0,9980901,9980610
2581,0,9981001,9980610
2582,0,9980801,9980701
2583,0,9980901,9980701
2584,0,9981001,9980701
2585,0,9980901,9980801
2586,0,9981001,9980801
2587,0,9981001,9980901
2588,0,9980807,9980608
2589,0,9980917,9980608
2590,0,9980917,9980807
2591,0,9980804,9980609
2592,0,9980920,9980609
2593,0,9981102,9980609
2594,0,9980920,9980804
2595,0,9981102,9980804
2596,0,9981102,9980920
2597,0,9980902,9980802
2598,0,9981002,9980802
2599,0,9981104,9980802
2600,0,9981206,9980802
2601,0,9981002,9980902
2602,0,9981104,9980902
2603,0,9981206,9980902
2604,0,9981104,9981002
2605,0,9981206,9981002
2606,0,9981206,9981104
2607,0,9980921,9980803
2608,0,9981103,9980803
2609,0,9981205,9980803
2610,0,9981103,9980921
2611,0,9981205,9980921
2612,0,9981205,9981103
2613,0,9980918,9980806
2614,0,9980916,9980808
2615,0,9980915,9980809
2616,0,9981201,9980809
2617,0,9981201,9980915
2618,0,9980914,9980810
2619,0,9980913,9980811
2620,0,9980912,9980812
2621,0,9980911,9980813
2622,0,9980910,9980814
2623,0,9980909,9980815
2624,0,9980908,9980816
2625,0,9981008,9980816
2626,0,9981110,9980816
2627,0,9981212,9980816
2628,0,9981008,9980908
2629,0,9981110,9980908
2630,0,9981212,9980908
2631,0,9981110,9981008
2632,0,9981212,9981008
2633,0,9981212,9981110
2634,0,9980907,9980817
2635,0,9981007,9980817
2636,0,9981109,9980817
2637,0,9981211,9980817
2638,0,9981007,9980907
2639,0,9981109,9980907
2640,0,9981211,9980907
2641,0,9981109,9981007
2642,0,9981211,9981007
2643,0,9981211,9981109
2644,0,9980906,9980818
2645,0,9981006,9980818
2646,0,9981108,9980818
2647,0,9981210,9980818
2648,0,9981006,9980906
2649,0,9981108,9980906
2650,0,9981210,9980906
2651,0,9981108,9981006
2652,0,9981210,9981006
2653,0,9981210,9981108
2654,0,9980905,9980819
2655,0,9981005,9980819
2656,0,9981107,9980819
2657,0,9981209,9980819
2658,0,9981005,9980905
2659,0,9981107,9980905
2660,0,9981209,9980905
2661,0,9981107,9981005
2662,0,9981209,9981005
2663,0,9981209,9981107
2664,0,9980904,9980820
2665,0,9981004,9980820
2666,0,9981106,9980820
2667,0,9981208,9980820
2668,0,9981004,9980904
2669,0,9981106,9980904
2670,0,9981208,9980904
2671,0,9981106,9981004
2672,0,9981208,9981004
2673,0,9981208,9981106
2674,0,9980903,9980821
2675,0,9981003,9980821
2676,0,9981105,9980821
2677,0,9981207,9980821
2678,0,9981003,9980903
2679,0,9981105,9980903
2680,0,9981207,9980903
2681,0,9981105,9981003
2682,0,9981207,9981003
2683,0,9981207,9981105
2684,0,9981111,9981009
2685,0,9981213,9981009
2686,0,9981213,9981111
2687,0,9981112,9981010
2688,0,9981214,9981010
2689,0,9981214,9981112
2690,0,9981113,9981011
2691,0,9981215,9981011
2692,0,9981215,9981113
2693,0,9981601,1180129
2694,0,9981711,1180130
2695,0,9981901,1180134
2696,0,9981821,1180139
2697,0,9981828,1180140
2698,0,9981832,1180141
2699,0,1180801,1180160
2700,0,9981401,1180160
2701,0,9981401,1180801
2702,0,9981402,1180802
2703,0,9981501,9981415
2704,0,9981701,9981602
2705,0,9981801,9981733
2706,0,9981904,9981733
2707,0,9981904,9981801
2708,0,1170239,1161237
2709,0,1190204,1161237
2710,0,1190603,1161237
2711,0,1190204,1170239
2712,0,1190603,1170239
2713,0,1190603,1190204
2714,0,1190231,1190101
2715,0,1190301,1190101
2716,0,1190812,1190101
2717,0,9990503,1190101
2718,0,1190301,1190231
2719,0,1190812,1190231
2720,0,9990503,1190231
2721,0,1190812,1190301
2722,0,9990503,1190301
2723,0,9990503,1190812
2724,0,1190601,1190202
2725,0,9992801,1190202
2726,0,9992801,1190601
2727,0,1190602,1190203
2728,0,1190604,1190205
2729,0,1191401,1190205
2730,0,9990801,1190205
2731,0,1191401,1190604
2732,0,9990801,1190604
2733,0,9990801,1191401
2734,0,1190605,1190206
2735,0,1191402,1190206
2736,0,1191402,1190605
2737,0,9990901,1190212
2738,0,1191006,1190214
2739,0,1191101,1190214
2740,0,1191101,1191006
2741,0,1191606,1190227
2742,0,1191701,1190227
2743,0,1191701,1191606
2744,0,3600403,1190228
2745,0,1190811,1190230
2746,0,1191205,1190311
2747,0,1191301,1190318
2748,0,3600148,1190328
2749,0,1191403,1190606
2750,0,1191404,1190607
2751,0,9990416,1190613
2752,0,1191116,1190801
2753,0,1191201,1190801
2754,0,1191201,1191116
2755,0,1191706,1190808
2756,0,9990513,1190901
2757,0,9990201,1191108
2758,0,1191501,1191113
2759,0,9990215,1191413
2760,0,9990401,1191413
2761,0,9990401,9990215
2762,0,1191506,1191414
2763,0,9990306,1191414
2764,0,9990306,1191506
2765,0,3600408,1191605
2766,0,9990714,3600102
2767,0,3600201,3600112
2768,0,9990103,3600120
2769,0,3600301,3600123
2770,0,9990111,3600312
2771,0,9990607,3600401
2772,0,9990301,9990210
2773,0,9990601,9990505
2774,0,9990101,1190313
2775,0,1190501,1190316
2776,0,1192101,1190507
2777,0,1192102,1190508
2778,0,1192103,1190509
2779,0,1192104,1190510
2780,0,1191801,1190512
2781,0,1192002,1190919
2782,0,1192115,1190919
2783,0,1192115,1192002
2784,0,1192001,1190920
2785,0,1192116,1190920
2786,0,1192116,1192001
2787,0,9991001,1191809
2788,0,1192114,1192003
2789,0,1192113,1192004
2790,0,9991011,1192014
2791,0,9991101,1192014
2792,0,9991101,9991011
2793,0,1192213,1190527
2794,0,9991201,1190527
2795,0,9991201,1192213
2796,0,9991303,1190539
2797,0,9991422,1190539
2798,0,9991422,9991303
2799,0,9991313,1190540
2800,0,9991412,1190540
2801,0,9991412,9991313
2802,0,9991318,1190541
2803,0,9991407,1190541
2804,0,9991407,9991318
2805,0,1192201,1191811
2806,0,9991147,1191814
2807,0,9991424,9991301
2808,0,9991423,9991302
2809,0,9991421,9991304
2810,0,9991420,9991305
2811,0,9991419,9991306
2812,0,9991418,9991307
2813,0,9991417,9991308
2814,0,9991416,9991309
2815,0,9991415,9991310
2816,0,9991414,9991311
2817,0,9991413,9991312
2818,0,9991411,9991314
2819,0,9991410,9991315
2820,0,9991409,9991316
2821,0,9991408,9991317
2822,0,9991608,9991322
2823,0,9991507,9991323
2824,0,9991607,9991323
2825,0,9991607,9991507
2826,0,9991508,9991324
2827,0,9991509,9991325
2828,0,9991510,9991326
2829,0,9991501,9991401
2830,0,9991601,9991401
2831,0,9991601,9991501
2832,0,9991502,9991402
2833,0,9991602,9991402
2834,0,9991602,9991502
2835,0,9991503,9991403
2836,0,9991603,9991403
2837,0,9991603,9991503
2838,0,9991504,9991404
2839,0,9991604,9991404
2840,0,9991604,9991504
2841,0,9991505,9991405
2842,0,9991605,9991405
2843,0,9991605,9991505
2844,0,9991606,9991506
2845,0,9991801,1190340
2846,0,9992301,1190340
2847,0,9992301,9991801
2848,0,1192301,1190341
2849,0,1192401,1190341
2850,0,9992203,1190341
2851,0,1192401,1192301
2852,0,9992203,1192301
2853,0,9992203,1192401
2854,0,1192402,1190342
2855,0,1192412,1190350
2856,0,1192403,1190343
2857,0,1192501,1190349
2858,0,9992101,1190349
2859,0,9992101,1192501
2860,0,9992216,1192304
2861,0,9992318,1192304
2862,0,9992318,9992216
2863,0,9991901,1192314
2864,0,9992001,1192515
2865,0,9991806,9991703
2866,0,9992310,9992208
2867,0,9992311,9992209
2868,0,9992312,9992210
2869,0,9992313,9992211
2870,0,9992314,9992212
2871,0,9992315,9992213
2872,0,9992316,9992214
2873,0,9992317,9992215
2874,0,9992319,9992217
2875,0,9992320,9992218
2876,0,9992321,9992219
2877,0,9992322,9992220
2878,0,9992323,9992221
2879,0,9992324,9992222
2880,0,9992325,9992223
2881,0,9992326,9992224
2882,0,9992327,9992225
2883,0,9992328,9992226
2884,0,1191336,1190643
2885,0,1192337,1190643
2886,0,1192337,1191336
2887,0,1190701,1190660
2888,0,1191426,1191311
2889,0,1191427,1191312
2890,0,1191428,1191313
2891,0,1192701,1190729
2892,0,1192801,1190729
2893,0,1192801,1192701
2894,0,1192702,1190730
2895,0,1192802,1190730
2896,0,1192802,1192702
2897,0,1192901,1190739
2898,0,1192803,1192703
2899,0,9992128,1190401
2900,0,1190756,1190411
2901,0,1193001,1190411
2902,0,9992611,1190411
2903,0,1193001,1190756
2904,0,9992611,1190756
2905,0,9992611,1193001
2906,0,1190755,1190412
2907,0,9992501,1190412
2908,0,9992601,1190412
2909,0,9992501,1190755
2910,0,9992601,1190755
2911,0,9992601,9992501
2912,0,1192610,1190748
2913,0,1192601,1192519
2914,0,1192917,1192519
2915,0,1192917,1192601
2916,0,9992618,1193002
2917,0,9992518,1193003
2918,0,9992521,1193004
2919,0,9992602,9992502
2920,0,9992603,9992503
2921,0,9992604,9992504
2922,0,9992605,9992505
2923,0,9992606,9992506
2924,0,9992607,9992507
2925,0,9992608,9992508
2926,0,9992620,9992516
